Reference, Value, Footprint, Datasheet, MFR, MPN, SPN, SPR, SPURL, Holder DataSheet, Connector
"C102","15uF PP 250VDC 3.9mOhm","Capacitors_ThroughHole_jl:C_Axial_44mm_24.5mm_P50mm","https://content.kemet.com/datasheets/KEM_F3040_C4G_AXIAL.pdf","KEMET","C4GADUD5150AA1J","399-13088-ND","digikey","-","",""
"C101","220uF ALUM 200V 905 mOhm 20%","Capacitor_THT:CP_Radial_D22.0mm_P10.00mm_SnapIn","https://www.cde.com/resources/catalogs/SLP.pdf","Cornell Dubilier Electronics (CDE)","SLP221M200A1P3","338-1478-ND","digikey","-","",""
"C103","470uF ALUM 400V 130mOhm 20%","Capacitor_THT:CP_Radial_D35.0mm_P10.00mm_SnapIn","https://api.kemet.com/component-edge/download/specsheet/ELH477M400AT4AA.pdf","KEMET","ELH477M400AT4AA","399-6073-ND","digikey","-","",""
"D101","8A 200V 0.950V","Diodes_ThroughHole_jl:Diode_TO_220AC_Horizonal","https://media.digikey.com/pdf/Data%20Sheets/Vishay%20Semiconductors/FES(F,B)8AT_thru_8JT.pdf","Vishay Semiconductor Diodes Division","FES8DT-E3/45","FES8DT-E3/45GI-ND","digikey","-","",""
"L101","47uH 31A Sat 6.38m Ohm","Inductors_jl:Inductor_Wurth_7443763540470","https://www.we-online.com/redexpert/#/module/7324/selecteditems/7443763540470/productdata/=7443763540470/re/digikey","Wurth Elektronik","7443763540470","732-13644-ND","digikey","-","",""
"L102","47uH 31A Sat 6.38m Ohm","Inductors_jl:Inductor_Wurth_7443763540470","https://www.we-online.com/redexpert/#/module/7324/selecteditems/7443763540470/productdata/=7443763540470/re/digikey","Wurth Elektronik","7443763540470","732-13644-ND","digikey","-","",""
"Q101","IXFP36N20X3","Transistors_ThroughHole_jl:TO-220_Horizontal_Offset_Drain","http://ixapps.ixys.com/DataSheet/DS100846D(IXFY_-FA-FP36N20X3).pdf","IXYS","IXFP36N20X3","IXFP36N20X3-ND","digikey","-","",""
"R101","0R Ohms","Resistor_SMD:R_0805_2012Metric_Pad1.15x1.40mm_HandSolder","https://www.seielect.com/catalog/sei-packaging.pdf","Stackpole Electronics Inc","RMCF0805ZT0R00","RMCF0805ZT0R00CT-ND","digikey","-","",""
"J101","Battery Connection","Connect_jl:PhoenixContact_1x4_P5mm","https://www.phoenixcontact.com/pxc-oc-itemdetail-pdf-web/eshop?lineItemType=LineItem&UID=1935792","Phoenix Contact","1935792","277-14426-ND","digikey","-","",""
"F101","Fuse Holder","Connect_jl:BellFuse_6.3mmX32mm_FC_102-22","https://us.schurter.com/en/datasheet/typ_SUT-H_6.3x32.pdf","Bel Fuse Inc.","FC-102-22","507-1702-ND","digikey","-","https://belfuse.com/resources/datasheets/circuitprotection/ds-cp-0672-fuse-clips-series.pdf",""
"U102","UCC2800DTR","Housings_SOIC:SOIC-8_3.9x4.9mm_Pitch1.27mm","http://www.ti.com/general/docs/suppproductinfo.tsp?distId=10&gotoUrl=http%3A%2F%2Fwww.ti.com%2Flit%2Fgpn%2Fucc2800","Texas Instruments","UCC2800DTR","296-39529-1-ND","digikey","-","",""
"Rt101","30K 0.1%","Resistor_SMD:R_0805_2012Metric_Pad1.15x1.40mm_HandSolder","https://industrial.panasonic.com/cdbs/www-data/pdf/RDM0000/AOA0000C307.pdf","Panasonic Electronic Components","ERA-6AEB303V","P30KDACT-ND","digikey","-","",""
"Ct101","200pF C0G 2%","Capacitor_SMD:C_0805_2012Metric_Pad1.15x1.40mm_HandSolder","http://datasheets.avx.com/C0GNP0-Dielectric.pdf","AVX Corporation","08051A201GAT2A","478-10384-1-ND","digikey","-","",""
"R113","10R 1%","Resistor_SMD:R_0805_2012Metric_Pad1.15x1.40mm_HandSolder","https://www.yageo.com/upload/media/product/productsearch/datasheet/rchip/PYu-RC_Group_51_RoHS_L_11.pdf","Yageo","RC0805FR-0710RL","311-10.0CRCT-ND","digikey","-","",""
"C109","0.1uF X7R 25V 10%","Capacitor_SMD:C_0805_2012Metric_Pad1.15x1.40mm_HandSolder","https://media.digikey.com/pdf/Data%20Sheets/Samsung%20PDFs/CL21B104KACNNNC_Spec.pdf","Samsung","CL21B104KACNNNC","1276-1099-1-ND","digikey","-","",""
"C108","1uF X7R 25V 10%","Capacitor_SMD:C_0805_2012Metric_Pad1.15x1.40mm_HandSolder","~","Wurth Elektronik","885012207078","732-7672-1-ND","digikey","-","",""
"R102","82K 0.1%","Resistor_SMD:R_0805_2012Metric_Pad1.15x1.40mm_HandSolder","https://industrial.panasonic.com/cdbs/www-data/pdf/RDM0000/AOA0000C307.pdf","Panasonic Electronic Components","ERA-6AEB823V","P82KDACT-ND","digikey","-","",""
"R103","75K 0.1%","Resistor_SMD:R_0805_2012Metric_Pad1.15x1.40mm_HandSolder","https://industrial.panasonic.com/cdbs/www-data/pdf/RDM0000/AOA0000C328.pdf","Panasonic Electronic Components","ERJ-PB6B7502V","P20808CT-ND","digikey","-","",""
"R104","1.5K 0.1%","Resistor_SMD:R_0805_2012Metric_Pad1.15x1.40mm_HandSolder","https://industrial.panasonic.com/cdbs/www-data/pdf/RDM0000/AOA0000C307.pdf","Panasonic Electronic Components","ERA-6AEB152V","P1.5KDACT-ND","digikey","-","",""
"R114","2 mOhm Thick Film 1% 1W","Resistor_SMD:R_1210_3225Metric_Pad1.42x2.65mm_HandSolder","https://www.rohm.com/datasheet/PMR18EZPFV/pmr-e","Rohm Semiconductor","PMR25HZPFV2L00","RHM.002APCT-ND","digikey","-","",""
"R111","330R 0.1%","Resistor_SMD:R_0805_2012Metric_Pad1.15x1.40mm_HandSolder","https://industrial.panasonic.com/cdbs/www-data/pdf/RDM0000/AOA0000C307.pdf","Panasonic Electronic Components","ERA-6AEB331V","P330DACT-ND","digikey","-","",""
"R112","330R 0.1%","Resistor_SMD:R_0805_2012Metric_Pad1.15x1.40mm_HandSolder","https://industrial.panasonic.com/cdbs/www-data/pdf/RDM0000/AOA0000C307.pdf","Panasonic Electronic Components","ERA-6AEB331V","P330DACT-ND","digikey","-","",""
"R110","10K 0.1%","Resistor_SMD:R_0805_2012Metric_Pad1.15x1.40mm_HandSolder","https://industrial.panasonic.com/cdbs/www-data/pdf/RDM0000/AOA0000C307.pdf","Panasonic Electronic Components","ERA-6AEB103V","P10KDACT-ND","digikey","-","",""
"R109","10K 0.1%","Resistor_SMD:R_0805_2012Metric_Pad1.15x1.40mm_HandSolder","https://industrial.panasonic.com/cdbs/www-data/pdf/RDM0000/AOA0000C307.pdf","Panasonic Electronic Components","ERA-6AEB103V","P10KDACT-ND","digikey","-","",""
"Cint101","0.56uF X7R 16V 10%","Capacitor_SMD:C_0805_2012Metric_Pad1.15x1.40mm_HandSolder","https://api.kemet.com/component-edge/download/datasheet/C0805C564K4RACTU.pdf","KEMET","C0805C564K4RACTU","399-10074-1-ND","dikikey","-","",""
"Crolloff101","68pF C0G 5%","Capacitor_SMD:C_0805_2012Metric_Pad1.15x1.40mm_HandSolder","https://katalog.we-online.de/pbs/datasheet/885012007081.pdf","Wurth Elektronik","885012007081","732-12227-1-ND","digikey","-","",""
"Rint1","1K 0.1%","Resistor_SMD:R_0805_2012Metric_Pad1.15x1.40mm_HandSolder","https://industrial.panasonic.com/cdbs/www-data/pdf/RDM0000/AOA0000C307.pdf","Panasonic Electronic Components","ERA-6AEB102V","P1.0KDACT-ND","digikey","-","",""
"Rint2","1.5K 0.1%","Resistor_SMD:R_0805_2012Metric_Pad1.15x1.40mm_HandSolder","https://industrial.panasonic.com/cdbs/www-data/pdf/RDM0000/AOA0000C307.pdf","Panasonic Electronic Components","ERA-6AEB152V","P1.5KDACT-ND","digikey","-","",""
"R106","1K 1%","Resistor_SMD:R_0805_2012Metric_Pad1.15x1.40mm_HandSolder","https://www.yageo.com/upload/media/product/productsearch/datasheet/rchip/PYu-RC_Group_51_RoHS_L_11.pdf","Yageo","RC0805FR-071KL","311-1.00KCRCT-ND","digikey","-","",""
"R107","15K 1%","Resistor_SMD:R_0805_2012Metric_Pad1.15x1.40mm_HandSolder","https://www.te.com/commerce/DocumentDelivery/DDEController?Action=srchrtrv&DocNm=1773204-3&DocType=DS&DocLang=English","TE Connectivity Passive Product","CRGCQ0805F15K","A129763CT-ND","digikey","-","",""
"R108","1K 1%","Resistor_SMD:R_0805_2012Metric_Pad1.15x1.40mm_HandSolder","https://www.yageo.com/upload/media/product/productsearch/datasheet/rchip/PYu-RC_Group_51_RoHS_L_11.pdf","Yageo","RC0805FR-071KL","311-1.00KCRCT-ND","digikey","-","",""
"C105","100pF","Capacitor_SMD:C_0805_2012Metric_Pad1.15x1.40mm_HandSolder","https://api.kemet.com/component-edge/download/datasheet/C0805C101JAGAC7800.pdf","KEMET","C0805C101JAGAC7800","399-15000-1-ND","digikey","-","",""
"C110","6pF C0G","Capacitor_SMD:C_0805_2012Metric_Pad1.15x1.40mm_HandSolder","https://www.yageo.com/upload/media/product/productsearch/datasheet/mlcc/UPY-GP_NP0_16V-to-50V_18.pdf","Yageo","CC0805CRNPO9BN6R0","311-4149-1-ND","digikey","-","",""
"R120","2 mOhm Thick Film 1% 1W","Resistor_SMD:R_1210_3225Metric_Pad1.42x2.65mm_HandSolder","https://www.rohm.com/datasheet/PMR18EZPFV/pmr-e","Rohm Semiconductor","PMR25HZPFV2L00","RHM.002APCT-ND","digikey","-","",""
"U101","OPA2837IDGKR","Package_SO:VSSOP-8_3.0x3.0mm_P0.65mm","http://www.ti.com/lit/ds/symlink/opa2837.pdf","Texas Instruments","OPA2837IDGKR","296-49464-1-ND","digikey","-","",""
"R118","330R 0.1%","Resistor_SMD:R_0805_2012Metric_Pad1.15x1.40mm_HandSolder","https://industrial.panasonic.com/cdbs/www-data/pdf/RDM0000/AOA0000C307.pdf","Panasonic Electronic Components","ERA-6AEB331V","P330DACT-ND","digikey","-","",""
"R119","330R 0.1%","Resistor_SMD:R_0805_2012Metric_Pad1.15x1.40mm_HandSolder","https://industrial.panasonic.com/cdbs/www-data/pdf/RDM0000/AOA0000C307.pdf","Panasonic Electronic Components","ERA-6AEB331V","P330DACT-ND","digikey","-","",""
"R117","10K 0.1%","Resistor_SMD:R_0805_2012Metric_Pad1.15x1.40mm_HandSolder","https://industrial.panasonic.com/cdbs/www-data/pdf/RDM0000/AOA0000C307.pdf","Panasonic Electronic Components","ERA-6AEB103V","P10KDACT-ND","digikey","-","",""
"R116","10K 0.1%","Resistor_SMD:R_0805_2012Metric_Pad1.15x1.40mm_HandSolder","https://industrial.panasonic.com/cdbs/www-data/pdf/RDM0000/AOA0000C307.pdf","Panasonic Electronic Components","ERA-6AEB103V","P10KDACT-ND","digikey","-","",""
"C112","0.1uF X7R 25V 10%","Capacitor_SMD:C_0805_2012Metric_Pad1.15x1.40mm_HandSolder","https://media.digikey.com/pdf/Data%20Sheets/Samsung%20PDFs/CL21B104KACNNNC_Spec.pdf","Samsung","CL21B104KACNNNC","1276-1099-1-ND","digikey","-","",""
"C114","1uF X7R 25V 10%","Capacitor_SMD:C_0805_2012Metric_Pad1.15x1.40mm_HandSolder","~","Wurth Elektronik","885012207078","732-7672-1-ND","digikey","-","",""
"C107","0.1uF X7R 25V 10%","Capacitor_SMD:C_0805_2012Metric_Pad1.15x1.40mm_HandSolder","https://media.digikey.com/pdf/Data%20Sheets/Samsung%20PDFs/CL21B104KACNNNC_Spec.pdf","Samsung","CL21B104KACNNNC","1276-1099-1-ND","digikey","-","",""
"Q103","SSM3K329R","Package_TO_SOT_SMD:SOT-23_Handsoldering","https://toshiba.semicon-storage.com/info/docget.jsp?did=2157&prodName=SSM3K329R","Toshiba Semiconductor and Storage","SSM3K329R,LF","SSM3K329RLFCT-ND","digikey","-","",""
"Q104","SSM3J334R","Package_TO_SOT_SMD:SOT-23_Handsoldering","https://toshiba.semicon-storage.com/info/docget.jsp?did=5579&prodName=SSM3J334R","Toshiba Semiconductor and Storage","SSM3J334R,LF","SSM3J334RLFCT-ND","digikey","-","",""
"R115","1M 1%","Resistor_SMD:R_0805_2012Metric_Pad1.15x1.40mm_HandSolder","https://www.yageo.com/upload/media/product/productsearch/datasheet/rchip/PYu-RC_Group_51_RoHS_L_11.pdf","Yageo","RC0805FR-071ML","311-1.00MCRCT-ND","digikey","-","",""
"D103","BAT54S","Package_TO_SOT_SMD:SOT-23_Handsoldering","http://toshiba.semicon-storage.com/info/docget.jsp?did=37137&prodName=TBAT54","Toshiba Semiconductor and Storage","TBAT54S,LM","TBAT54SLMCT-ND","digikey","-","",""
"D102","BAT54S","Package_TO_SOT_SMD:SOT-23_Handsoldering","http://toshiba.semicon-storage.com/info/docget.jsp?did=37137&prodName=TBAT54","Toshiba Semiconductor and Storage","TBAT54S,LM","TBAT54SLMCT-ND","digikey","-","",""
"J103","Solar Panels","Connect_jl:TerminalBlock_4way_P6.35mm_P9.5mm_Holes1.7mm","https://media.digikey.com/pdf/Data%20Sheets/Phoenix%20Contact%20PDFs/1017516_Ds.pdf","Phoenix Contact","1017516","277-17506-ND","digikey","-","",""
"R105","1K 0.1%","Resistor_SMD:R_0805_2012Metric_Pad1.15x1.40mm_HandSolder","https://industrial.panasonic.com/cdbs/www-data/pdf/RDM0000/AOA0000C307.pdf","Panasonic Electronic Components","ERA-6AEB102V","P1.0KDACT-ND","digikey","-","",""
"C113","1nF","Capacitor_SMD:C_0805_2012Metric_Pad1.15x1.40mm_HandSolder","https://www.yageo.com/upload/media/product/productsearch/datasheet/mlcc/UPY-GPHC_X7R_6.3V-to-50V_18.pdf","Yageo","CC0805KRX7R9BB102","311-1127-1-ND","digikey","-","",""
"Q102","BC847B-13-F","Package_TO_SOT_SMD:SOT-23_Handsoldering","https://www.diodes.com/assets/Datasheets/ds11108.pdf","Diodes Incorporated","BC847B-13-F","BC847B-13-FDICT-ND","digikey","-","",""
"C104","70uF PP Film 500V 2.1mOhm","Capacitors_ThroughHole_jl:C_RECT_4PIN_L42mm_W30mm_P37.5mm_P20.3mm","https://media.digikey.com/pdf/Data%20Sheets/Kemet%20PDFs/C4AQ%20Series,%20Auto.pdf","KEMET","C4AQLBW5700A3LK","399-17006-ND","digikey","-","",""
"C111","1uF X7R 25V 10%","Capacitor_SMD:C_0805_2012Metric_Pad1.15x1.40mm_HandSolder","~","Wurth Elektronik","885012207078","732-7672-1-ND","digikey","-","",""
"C106","1uF X7R 25V 10%","Capacitor_SMD:C_0805_2012Metric_Pad1.15x1.40mm_HandSolder","~","Wurth Elektronik","885012207078","732-7672-1-ND","digikey","-","",""
"C115","1uF X7R 25V 10%","Capacitor_SMD:C_0805_2012Metric_Pad1.15x1.40mm_HandSolder","~","Wurth Elektronik","885012207078","732-7672-1-ND","digikey","-","",""
"TP101","TP 2.5V","TestPoint:TestPoint_Pad_3.0x3.0mm","~","-","-","-","-","-","",""
"TP102","TP_UCC_5V_REF","TestPoint:TestPoint_Pad_3.0x3.0mm","~","-","-","-","-","-","",""
"TP103","TP_DAC","TestPoint:TestPoint_Pad_3.0x3.0mm","~","-","-","-","-","-","",""
"R122","1.5K 0.1%","Resistor_SMD:R_0805_2012Metric_Pad1.15x1.40mm_HandSolder","https://industrial.panasonic.com/cdbs/www-data/pdf/RDM0000/AOA0000C307.pdf","Panasonic Electronic Components","ERA-6AEB152V","P1.5KDACT-ND","digikey","-","",""
"R121","105k 0.1%","Resistor_SMD:R_0805_2012Metric_Pad1.15x1.40mm_HandSolder","https://industrial.panasonic.com/cdbs/www-data/pdf/RDM0000/AOA0000C307.pdf","Panasonic Electronic Components","ERA-6AEB1053V","P105KDACT-ND","digikey","-","",""
"D104","BAT54S","Package_TO_SOT_SMD:SOT-23_Handsoldering","http://toshiba.semicon-storage.com/info/docget.jsp?did=37137&prodName=TBAT54","Toshiba Semiconductor and Storage","TBAT54S,LM","TBAT54SLMCT-ND","digikey","-","",""
"U202","Teensy-LC","teensy:Teensy30_31_32_LC","https://media.digikey.com/pdf/Data%20Sheets/Sparkfun%20PDFs/DEV-13305_Web.pdf","SparkFun Electronics","DEV-13305","1568-1233-ND","digikey","-","",""
"R201","1K 1%","Resistor_SMD:R_0805_2012Metric_Pad1.15x1.40mm_HandSolder","https://www.yageo.com/upload/media/product/productsearch/datasheet/rchip/PYu-RC_Group_51_RoHS_L_11.pdf","Yageo","RC0805FR-071KL","311-1.00KCRCT-ND","digikey","-","",""
"R202","1K 1%","Resistor_SMD:R_0805_2012Metric_Pad1.15x1.40mm_HandSolder","https://www.yageo.com/upload/media/product/productsearch/datasheet/rchip/PYu-RC_Group_51_RoHS_L_11.pdf","Yageo","RC0805FR-071KL","311-1.00KCRCT-ND","digikey","-","",""
"R203","1K 1%","Resistor_SMD:R_0805_2012Metric_Pad1.15x1.40mm_HandSolder","https://www.yageo.com/upload/media/product/productsearch/datasheet/rchip/PYu-RC_Group_51_RoHS_L_11.pdf","Yageo","RC0805FR-071KL","311-1.00KCRCT-ND","digikey","-","",""
"R204","1K 1%","Resistor_SMD:R_0805_2012Metric_Pad1.15x1.40mm_HandSolder","https://www.yageo.com/upload/media/product/productsearch/datasheet/rchip/PYu-RC_Group_51_RoHS_L_11.pdf","Yageo","RC0805FR-071KL","311-1.00KCRCT-ND","digikey","-","",""
"SW201","SW_Up","Buttons_Switches_ThroughHole_jl:SW_Tactile_SPST_Angled_FSM104","https://www.te.com/commerce/DocumentDelivery/DDEController?Action=srchrtrv&DocNm=1437565-6&DocType=Customer+Drawing&DocLang=English","TE Connectivity ALCOSWITCH Switches","FSM104","450-1127-ND","digikey","-","",""
"SW202","SW_Down","Buttons_Switches_ThroughHole_jl:SW_Tactile_SPST_Angled_FSM104","https://www.te.com/commerce/DocumentDelivery/DDEController?Action=srchrtrv&DocNm=1437565-6&DocType=Customer+Drawing&DocLang=English","TE Connectivity ALCOSWITCH Switches","FSM104","450-1127-ND","digikey","-","",""
"SW203","SW_Enter","Buttons_Switches_ThroughHole_jl:SW_Tactile_SPST_Angled_FSM104","https://www.te.com/commerce/DocumentDelivery/DDEController?Action=srchrtrv&DocNm=1437565-6&DocType=Customer+Drawing&DocLang=English","TE Connectivity ALCOSWITCH Switches","FSM104","450-1127-ND","digikey","-","",""
"Q201","SSM3K329R","Package_TO_SOT_SMD:SOT-23_Handsoldering","https://toshiba.semicon-storage.com/info/docget.jsp?did=2157&prodName=SSM3K329R","Toshiba Semiconductor and Storage","SSM3K329R,LF","SSM3K329RLFCT-ND","digikey","-","",""
"Q203","SSM3J334R","Package_TO_SOT_SMD:SOT-23_Handsoldering","https://toshiba.semicon-storage.com/info/docget.jsp?did=5579&prodName=SSM3J334R","Toshiba Semiconductor and Storage","SSM3J334R,LF","SSM3J334RLFCT-ND","digikey","-","",""
"R205","100K 1%","Resistor_SMD:R_0805_2012Metric_Pad1.15x1.40mm_HandSolder","https://www.yageo.com/upload/media/product/productsearch/datasheet/rchip/PYu-RC_Group_51_RoHS_L_11.pdf","Yageo","RC0805FR-07100KL","311-100KCRCT-ND","digikey","-","",""
"Q202","SSM3K329R","Package_TO_SOT_SMD:SOT-23_Handsoldering","https://toshiba.semicon-storage.com/info/docget.jsp?did=2157&prodName=SSM3K329R","Toshiba Semiconductor and Storage","SSM3K329R,LF","SSM3K329RLFCT-ND","digikey","-","",""
"R206","100R 1%","Resistor_SMD:R_0805_2012Metric_Pad1.15x1.40mm_HandSolder","https://www.yageo.com/upload/media/product/productsearch/datasheet/rchip/PYu-RC_Group_51_RoHS_L_11.pdf","Yageo","RC0805FR-07100RL","311-100CRCT-ND","digikey","-","",""
"RV201","5K","Potentiometers:Potentiometer_Trimmer_Bourns_3006P","https://www.bourns.com/docs/Product-Datasheets/3306.pdf","Bourns Inc","3006P-7-502LF","3006P-7-502LF-ND","digikey","-","",""
"R207","15K 1%","Resistor_SMD:R_0805_2012Metric_Pad1.15x1.40mm_HandSolder","https://www.te.com/commerce/DocumentDelivery/DDEController?Action=srchrtrv&DocNm=1773204-3&DocType=DS&DocLang=English","TE Connectivity Passive Product","CRGCQ0805F15K","A129763CT-ND","digikey","-","",""
"U204","ESP-WROOM-02U","RF_Module_jl:MODULE_ESP-WROOM-02U","https://www.espressif.com/sites/default/files/documentation/0c-esp-wroom-02_datasheet_en.pdf","Espressif Systems","ESP-WROOM-02U","1904-1022-1-ND","digikey","-","",""
"U203","PCF8574ADWR","Housings_SOIC:SOIC-16W_7.5x10.3mm_Pitch1.27mm","http://www.ti.com/general/docs/suppproductinfo.tsp?distId=10&gotoUrl=http%3A%2F%2Fwww.ti.com%2Flit%2Fgpn%2Fpcf8574a","Texas Instruments","PCF8574ADWR","296-13105-1-ND","digikey","-","",""
"R211","4K7 1%","Resistor_SMD:R_0805_2012Metric_Pad1.15x1.40mm_HandSolder","https://www.yageo.com/upload/media/product/productsearch/datasheet/rchip/PYu-RC_Group_51_RoHS_L_11.pdf","Yageo","RC0805FR-074K7L","311-4.70KCRCT-ND","digikey","-","",""
"R212","4K7 1%","Resistor_SMD:R_0805_2012Metric_Pad1.15x1.40mm_HandSolder","https://www.yageo.com/upload/media/product/productsearch/datasheet/rchip/PYu-RC_Group_51_RoHS_L_11.pdf","Yageo","RC0805FR-074K7L","311-4.70KCRCT-ND","digikey","-","",""
"R208","4K7 1%","Resistor_SMD:R_0805_2012Metric_Pad1.15x1.40mm_HandSolder","https://www.yageo.com/upload/media/product/productsearch/datasheet/rchip/PYu-RC_Group_51_RoHS_L_11.pdf","Yageo","RC0805FR-074K7L","311-4.70KCRCT-ND","digikey","-","",""
"C201","1uF X7R 25V 10%","Capacitor_SMD:C_0805_2012Metric_Pad1.15x1.40mm_HandSolder","~","Wurth Elektronik","885012207078","732-7672-1-ND","digikey","-","",""
"C202","0.1uF X7R 25V 10%","Capacitor_SMD:C_0805_2012Metric_Pad1.15x1.40mm_HandSolder","https://media.digikey.com/pdf/Data%20Sheets/Samsung%20PDFs/CL21B104KACNNNC_Spec.pdf","Samsung","CL21B104KACNNNC","1276-1099-1-ND","digikey","-","",""
"C204","10uF X7R 25V 10%","Capacitor_SMD:C_1206_3216Metric_Pad1.42x1.75mm_HandSolder","http://www.samsungsem.com/kr/support/product-search/mlcc/CL31B106KAHNNNE.jsp","Samsung Electro-Mechanics","CL31B106KAHNNNE","1276-1804-1-ND","digikey","-","",""
"C203","0.1uF X7R 25V 10%","Capacitor_SMD:C_0805_2012Metric_Pad1.15x1.40mm_HandSolder","https://media.digikey.com/pdf/Data%20Sheets/Samsung%20PDFs/CL21B104KACNNNC_Spec.pdf","Samsung","CL21B104KACNNNC","1276-1099-1-ND","digikey","-","",""
"R210","15K 1%","Resistor_SMD:R_0805_2012Metric_Pad1.15x1.40mm_HandSolder","https://www.te.com/commerce/DocumentDelivery/DDEController?Action=srchrtrv&DocNm=1773204-3&DocType=DS&DocLang=English","TE Connectivity Passive Product","CRGCQ0805F15K","A129763CT-ND","digikey","-","",""
"JP203","BOOT_OPTION","Pin_Headers:Pin_Header_Straight_1x02_Pitch2.54mm","https://media.digikey.com/PDF/Data%20Sheets/Sullins%20PDFs/z%20RzCzzzSzzN-RC,%20ST,11635-B.pdf","Sullins Connector Solutions","PREC002SAAN-RC","S1012EC-02-ND","digikey","-","",""
"J202","Conn_01x03_Female","Pin_Headers:Pin_Header_Straight_1x03_Pitch2.54mm","https://media.digikey.com/PDF/Data%20Sheets/Sullins%20PDFs/z%20RzCzzzSzzN-RC,%20ST,11635-B.pdf","Sullins Connector Solutions","PREC003SAAN-RC","S1012EC-03-ND","digikey","-","",""
"JP201","SDA_EN","Pin_Headers:Pin_Header_Straight_1x02_Pitch2.54mm","https://media.digikey.com/PDF/Data%20Sheets/Sullins%20PDFs/z%20RzCzzzSzzN-RC,%20ST,11635-B.pdf","Sullins Connector Solutions","PREC002SAAN-RC","S1012EC-02-ND","digikey","-","",""
"JP202","SCL_EN","Pin_Headers:Pin_Header_Straight_1x02_Pitch2.54mm","https://media.digikey.com/PDF/Data%20Sheets/Sullins%20PDFs/z%20RzCzzzSzzN-RC,%20ST,11635-B.pdf","Sullins Connector Solutions","PREC002SAAN-RC","S1012EC-02-ND","digikey","-","",""
"J203","I2C_BUS","Pin_Headers:Pin_Header_Straight_1x04_Pitch2.54mm","http://www.adam-tech.com/downloader.php?p=PH1-XX-UA.pdf","Adam Tech","PH1-04-UA","2057-PH1-04-UA-ND","digikey","-","",""
"R209","15K 1%","Resistor_SMD:R_0805_2012Metric_Pad1.15x1.40mm_HandSolder","https://www.te.com/commerce/DocumentDelivery/DDEController?Action=srchrtrv&DocNm=1773204-3&DocType=DS&DocLang=English","TE Connectivity Passive Product","CRGCQ0805F15K","A129763CT-ND","digikey","-","",""
"C205","0.1uF X7R 25V 10%","Capacitor_SMD:C_0805_2012Metric_Pad1.15x1.40mm_HandSolder","https://media.digikey.com/pdf/Data%20Sheets/Samsung%20PDFs/CL21B104KACNNNC_Spec.pdf","Samsung","CL21B104KACNNNC","1276-1099-1-ND","digikey","-","",""
"R213","15K 1%","Resistor_SMD:R_0805_2012Metric_Pad1.15x1.40mm_HandSolder","https://www.te.com/commerce/DocumentDelivery/DDEController?Action=srchrtrv&DocNm=1773204-3&DocType=DS&DocLang=English","TE Connectivity Passive Product","CRGCQ0805F15K","A129763CT-ND","digikey","-","",""
"U201","LCD 2004A Right Angle Header 16 pin 2.54mm","Connect_jl:LCD2004_Pin_Header_Angled_1x16_Pitch2.54mm","/media/jlynch/SW_Preload/Users/jlynch/Downloads/DataSheets/LCD/2004A-RK-10290_410.pdf","Adam Tech","PH1RB-16-UA","2057-PH1RB-16-UA-ND","digikey","-","","http://www.adam-tech.com/downloader.php?p=PH1RB-XX-UA.pdf"
"TP201","TP_LCD_On","TestPoint:TestPoint_Pad_3.0x3.0mm","~","-","-","-","-","-","",""
"TP202","TP +3.3V","TestPoint:TestPoint_Pad_3.0x3.0mm","~","-","-","-","-","-","",""
"TP203","TP_Boost_On","TestPoint:TestPoint_Pad_3.0x3.0mm","~","-","-","-","-","-","",""
"U302","LTC7138EMSE-PBF","ltc7138:LTC7138EMSE-PBF","https://www.analog.com/media/en/technical-documentation/data-sheets/7138f.pdf","Linear Technology/Analog Devices","LTC7138EMSE#PBF","LTC7138EMSE#PBF-ND","digikey","-","",""
"L301","150uH 610mA","Inductors_jl:Inductor_Bourns_PM3308","https://www.bourns.com/docs/Product-Datasheets/pm3308_series.pdf","Bourns Inc.","PM3308-151M-RC","PM3308-151M-RCCT-ND","digikey","-","",""
"C306","33uF X7R 16V 20%","Capacitor_SMD:C_1812_4532Metric_Pad1.30x3.40mm_HandSolder","https://product.tdk.com/info/en/documents/chara_sheet/C4532X7R1C336M250KC.pdf","TDK Corporation","C4532X7R1C336M250KC","445-3924-1-ND","digikey","-","",""
"C303","1uF X7R 250V 10%","Capacitor_SMD:C_2220_5650Metric_Pad1.97x5.40mm_HandSolder","https://product.tdk.com/info/en/catalog/datasheets/mlcc_commercial_midvoltage_en.pdf?ref_disty=digikey","TDK Corporation","C5750X7R2E105K230KA","445-2304-1-ND","digikey","-","",""
"D301","1A 150V 0.7V SMA","Diode_SMD:D_SMA_Handsoldering","https://www.diodes.com/assets/Datasheets/SBR1U150SA.pdf","Diodes Incorporated","SBR1U150SA-13","SBR1U150SA-13DICT-ND","digikey","-","",""
"R308","226k 0.1%","Resistor_SMD:R_0805_2012Metric_Pad1.15x1.40mm_HandSolder","https://industrial.panasonic.com/cdbs/www-data/pdf/RDM0000/AOA0000C307.pdf","Panasonic Electronic Components","ERA-6AEB2263V","P226KDACT-ND","digikey","-","",""
"R309","196K 0.1%","Resistor_SMD:R_0805_2012Metric_Pad1.15x1.40mm_HandSolder","https://industrial.panasonic.com/cdbs/www-data/pdf/RDM0000/AOA0000C307.pdf","Panasonic Electronic Components","ERA-6AEB1963V","P196KDACT-ND","digikey","-","",""
"C311","10uF X7R 25V 10%","Capacitor_SMD:C_1206_3216Metric_Pad1.42x1.75mm_HandSolder","http://www.samsungsem.com/kr/support/product-search/mlcc/CL31B106KAHNNNE.jsp","Samsung Electro-Mechanics","CL31B106KAHNNNE","1276-1804-1-ND","digikey","-","",""
"L302","15uH 730mA Sat","Inductors_jl:Inductor_1210_HandSoldering","https://ds.yuden.co.jp/TYCOMPAS/ut/detail?pn=CBC3225T150KR%20%20&u=M","Taiyo Yuden","CBC3225T150KR","587-3066-1-ND","digikey","-","",""
"C310","10uF X7R 25V 10%","Capacitor_SMD:C_1206_3216Metric_Pad1.42x1.75mm_HandSolder","http://www.samsungsem.com/kr/support/product-search/mlcc/CL31B106KAHNNNE.jsp","Samsung Electro-Mechanics","CL31B106KAHNNNE","1276-1804-1-ND","digikey","-","",""
"R310","105k 0.1%","Resistor_SMD:R_0805_2012Metric_Pad1.15x1.40mm_HandSolder","https://industrial.panasonic.com/cdbs/www-data/pdf/RDM0000/AOA0000C307.pdf","Panasonic Electronic Components","ERA-6AEB1053V","P105KDACT-ND","digikey","-","",""
"R311","20K 0.1%","Resistor_SMD:R_0805_2012Metric_Pad1.15x1.40mm_HandSolder","https://industrial.panasonic.com/cdbs/www-data/pdf/RDM0000/AOA0000C307.pdf","Panasonic Electronic Components","ERA-6AEB203V","P20KDACT-ND","digikey","-","",""
"C308","10uF X7R 25V 10%","Capacitor_SMD:C_1206_3216Metric_Pad1.42x1.75mm_HandSolder","http://www.samsungsem.com/kr/support/product-search/mlcc/CL31B106KAHNNNE.jsp","Samsung Electro-Mechanics","CL31B106KAHNNNE","1276-1804-1-ND","digikey","-","",""
"U303","TPS560200DBVR","Package_TO_SOT_SMD:SOT-23-5_HandSoldering","http://www.ti.com/lit/ds/symlink/tps560200.pdf","Texas Instruments","TPS560200DBVR","296-38559-1-ND","digikey","-","",""
"C309","0.1uF X7R 25V 10%","Capacitor_SMD:C_0805_2012Metric_Pad1.15x1.40mm_HandSolder","https://media.digikey.com/pdf/Data%20Sheets/Samsung%20PDFs/CL21B104KACNNNC_Spec.pdf","Samsung","CL21B104KACNNNC","1276-1099-1-ND","digikey","-","",""
"C312","0.1uF X7R 25V 10%","Capacitor_SMD:C_0805_2012Metric_Pad1.15x1.40mm_HandSolder","https://media.digikey.com/pdf/Data%20Sheets/Samsung%20PDFs/CL21B104KACNNNC_Spec.pdf","Samsung","CL21B104KACNNNC","1276-1099-1-ND","digikey","-","",""
"C313","1uF X7R 25V 10%","Capacitor_SMD:C_0805_2012Metric_Pad1.15x1.40mm_HandSolder","~","Wurth Elektronik","885012207078","732-7672-1-ND","digikey","-","",""
"U304","TLV70430DBVT","Package_TO_SOT_SMD:SOT-23-5_HandSoldering","http://www.ti.com/lit/ds/symlink/tlv704.pdf","Texas Instruments","TLV70430DBVT","296-32419-1-ND","digikey","-","",""
"Q305","IRFP4321PBF","Transistors_ThroughHole_jl:TO-247-3_Horizontal_TabDown","https://www.infineon.com/dgdl/irfp4321pbf.pdf?fileId=5546d462533600a40153562c4f802011","Infineon Technologies","IRFP4321PBF","IRFP4321PBF-ND","digikey","-","",""
"C314","1uF X7R 250V 10%","Capacitor_SMD:C_2220_5650Metric_Pad1.97x5.40mm_HandSolder","https://product.tdk.com/info/en/catalog/datasheets/mlcc_commercial_midvoltage_en.pdf?ref_disty=digikey","TDK Corporation","C5750X7R2E105K230KA","445-2304-1-ND","digikey","-","",""
"R312","1K 1%","Resistor_SMD:R_0805_2012Metric_Pad1.15x1.40mm_HandSolder","https://www.yageo.com/upload/media/product/productsearch/datasheet/rchip/PYu-RC_Group_51_RoHS_L_11.pdf","Yageo","RC0805FR-071KL","311-1.00KCRCT-ND","digikey","-","",""
"U301","FDA217","SMD_Packages:DIP-8_SMD","http://www.ixysic.com/home/pdfs.nsf/www/FDA217.pdf/$file/FDA217.pdf","IXYS Integrated Circuits Division","FDA217S","CLA408-ND","digikey","-","",""
"R302","330R 1%","Resistor_SMD:R_0805_2012Metric_Pad1.15x1.40mm_HandSolder","https://www.te.com/commerce/DocumentDelivery/DDEController?Action=srchrtrv&DocNm=1773204-3&DocType=DS&DocLang=English","TE Connectivity Passive Product","CRGCQ0805F330R","A129743CT-ND","digikey","-","",""
"Q301","BC847B-13-F","Package_TO_SOT_SMD:SOT-23_Handsoldering","https://www.diodes.com/assets/Datasheets/ds11108.pdf","Diodes Incorporated","BC847B-13-F","BC847B-13-FDICT-ND","digikey","-","",""
"Q302","BC856B-13-F","Package_TO_SOT_SMD:SOT-23_Handsoldering","https://www.diodes.com/assets/Datasheets/ds11207.pdf","Diodes Incorporated","BC856B-13-F","BC856B-13-FDICT-ND","digikey","-","",""
"R301","1K 1%","Resistor_SMD:R_0805_2012Metric_Pad1.15x1.40mm_HandSolder","https://www.yageo.com/upload/media/product/productsearch/datasheet/rchip/PYu-RC_Group_51_RoHS_L_11.pdf","Yageo","RC0805FR-071KL","311-1.00KCRCT-ND","digikey","-","",""
"C307","10uF X7R 25V 10%","Capacitor_SMD:C_1206_3216Metric_Pad1.42x1.75mm_HandSolder","http://www.samsungsem.com/kr/support/product-search/mlcc/CL31B106KAHNNNE.jsp","Samsung Electro-Mechanics","CL31B106KAHNNNE","1276-1804-1-ND","digikey","-","",""
"L303","15uH 730mA Sat","Inductors_jl:Inductor_1210_HandSoldering","https://ds.yuden.co.jp/TYCOMPAS/ut/detail?pn=CBC3225T150KR%20%20&u=M","Taiyo Yuden","CBC3225T150KR","587-3066-1-ND","digikey","-","",""
"C305","10uF X7R 25V 10%","Capacitor_SMD:C_1206_3216Metric_Pad1.42x1.75mm_HandSolder","http://www.samsungsem.com/kr/support/product-search/mlcc/CL31B106KAHNNNE.jsp","Samsung Electro-Mechanics","CL31B106KAHNNNE","1276-1804-1-ND","digikey","-","",""
"R303","61.9K 0.1%","Resistor_SMD:R_0805_2012Metric_Pad1.15x1.40mm_HandSolder","https://industrial.panasonic.com/cdbs/www-data/pdf/RDM0000/AOA0000C307.pdf","Panasonic Electronic Components","ERA-6AEB6192V","P61.9KDACT-ND","digikey","-","",""
"R304","20K 0.1%","Resistor_SMD:R_0805_2012Metric_Pad1.15x1.40mm_HandSolder","https://industrial.panasonic.com/cdbs/www-data/pdf/RDM0000/AOA0000C307.pdf","Panasonic Electronic Components","ERA-6AEB203V","P20KDACT-ND","digikey","-","",""
"C301","10uF X7R 25V 10%","Capacitor_SMD:C_1206_3216Metric_Pad1.42x1.75mm_HandSolder","http://www.samsungsem.com/kr/support/product-search/mlcc/CL31B106KAHNNNE.jsp","Samsung Electro-Mechanics","CL31B106KAHNNNE","1276-1804-1-ND","digikey","-","",""
"U306","TPS560200DBVR","Package_TO_SOT_SMD:SOT-23-5_HandSoldering","http://www.ti.com/lit/ds/symlink/tps560200.pdf","Texas Instruments","TPS560200DBVR","296-38559-1-ND","digikey","-","",""
"C304","0.1uF X7R 25V 10%","Capacitor_SMD:C_0805_2012Metric_Pad1.15x1.40mm_HandSolder","https://media.digikey.com/pdf/Data%20Sheets/Samsung%20PDFs/CL21B104KACNNNC_Spec.pdf","Samsung","CL21B104KACNNNC","1276-1099-1-ND","digikey","-","",""
"U305","REF2925AIDBZT","Package_TO_SOT_SMD:SOT-23_Handsoldering","http://www.ti.com/general/docs/suppproductinfo.tsp?distId=10&gotoUrl=http%3A%2F%2Fwww.ti.com%2Flit%2Fgpn%2Fref2912","Texas Instruments","REF2925AIDBZT","296-13482-1-ND","digikey","-","",""
"C302","0.47uF X7R 25V 10%","Capacitor_SMD:C_0805_2012Metric_Pad1.15x1.40mm_HandSolder","http://www.samsungsem.com/kr/support/product-search/mlcc/CL21B474KAFNNNE.jsp","Samsung Electro-Mechanics","CL21B474KAFNNNE","1276-1074-1-ND","digikey","-","",""
"TP304","TP +11.0V","TestPoint:TestPoint_Pad_3.0x3.0mm","~","-","-","-","-","-","",""
"TP303","TP +5V","TestPoint:TestPoint_Pad_3.0x3.0mm","~","-","-","-","-","-","",""
"TP301","TP +0.8V","TestPoint:TestPoint_Pad_3.0x3.0mm","~","-","-","-","-","-","",""
"TP305","TP +2.5V","TestPoint:TestPoint_Pad_3.0x3.0mm","~","-","-","-","-","-","",""
"TP307","TP +3.0V","TestPoint:TestPoint_Pad_3.0x3.0mm","~","-","-","-","-","-","",""
"TP302","TP +3.3V","TestPoint:TestPoint_Pad_3.0x3.0mm","~","-","-","-","-","-","",""
"TP306","TP_Charger_On","TestPoint:TestPoint_Pad_3.0x3.0mm","~","-","-","-","-","-","",""
"C315","33uF X7R 16V 20%","Capacitor_SMD:C_1812_4532Metric_Pad1.30x3.40mm_HandSolder","https://product.tdk.com/info/en/documents/chara_sheet/C4532X7R1C336M250KC.pdf","TDK Corporation","C4532X7R1C336M250KC","445-3924-1-ND","digikey","-","",""
"Q306","IRFP4321PBF","Transistors_ThroughHole_jl:TO-247-3_Horizontal_TabDown","https://www.infineon.com/dgdl/irfp4321pbf.pdf?fileId=5546d462533600a40153562c4f802011","Infineon Technologies","IRFP4321PBF","IRFP4321PBF-ND","digikey","-","",""
"F301","Fuse Holder","Connect_jl:BellFuse_6.3mmX32mm_FC_102-22","https://us.schurter.com/en/datasheet/typ_SUT-H_6.3x32.pdf","Bel Fuse Inc.","FC-102-22","507-1702-ND","digikey","-","https://belfuse.com/resources/datasheets/circuitprotection/ds-cp-0672-fuse-clips-series.pdf",""
"TR401","FS-10-110-C2","Transformers_ThroughHole_jl:FS10-110-C2","http://catalog.triadmagnetics.com/Asset/FS10-110-C2.pdf","Triad Magnetics","FS10-110-C2","237-1578-ND","digikey","-","",""
"J401","Screw_Terminal_01x02","digikey-footprints:Term_Block_1x2_P5mm","https://media.digikey.com/pdf/Data%20Sheets/Phoenix%20Contact%20PDFs/1792863.pdf","Phoenix Contact","1792863","277-2518-ND","digikey","-","",""
"R401","5.9K 0 .1%","Resistor_SMD:R_0805_2012Metric_Pad1.15x1.40mm_HandSolder","https://industrial.panasonic.com/cdbs/www-data/pdf/RDM0000/AOA0000C307.pdf","Panasonic Electronic Components","ERA-6AEB5901V","P5.9KDACT-ND","digikey","-","",""
"R402","1K 0.1%","Resistor_SMD:R_0805_2012Metric_Pad1.15x1.40mm_HandSolder","https://industrial.panasonic.com/cdbs/www-data/pdf/RDM0000/AOA0000C307.pdf","Panasonic Electronic Components","ERA-6AEB102V","P1.0KDACT-ND","digikey","-","",""
"C401","1uF X7R 25V 10%","Capacitor_SMD:C_0805_2012Metric_Pad1.15x1.40mm_HandSolder","~","Wurth Elektronik","885012207078","732-7672-1-ND","digikey","-","",""
"R405","1K 1%","Resistor_SMD:R_0805_2012Metric_Pad1.15x1.40mm_HandSolder","https://www.yageo.com/upload/media/product/productsearch/datasheet/rchip/PYu-RC_Group_51_RoHS_L_11.pdf","Yageo","RC0805FR-071KL","311-1.00KCRCT-ND","digikey","-","",""
"R404","41.2  0.1%","Resistor_SMD:R_0805_2012Metric_Pad1.15x1.40mm_HandSolder","https://www.te.com/commerce/DocumentDelivery/DDEController?Action=srchrtrv&DocNm=1773272&DocType=DS&DocLang=English","TE Connectivity Passive Product","8-1625868-6","A110410CT-ND","digikey","-","",""
"D401","BAT54S","Package_TO_SOT_SMD:SOT-23_Handsoldering","http://toshiba.semicon-storage.com/info/docget.jsp?did=37137&prodName=TBAT54","Toshiba Semiconductor and Storage","TBAT54S,LM","TBAT54SLMCT-ND","digikey","-","",""
"D402","BAT54S","Package_TO_SOT_SMD:SOT-23_Handsoldering","http://toshiba.semicon-storage.com/info/docget.jsp?did=37137&prodName=TBAT54","Toshiba Semiconductor and Storage","TBAT54S,LM","TBAT54SLMCT-ND","digikey","-","",""
"J402","Screw_Terminal_01x02","digikey-footprints:Term_Block_1x2_P5mm","https://media.digikey.com/pdf/Data%20Sheets/Phoenix%20Contact%20PDFs/1792863.pdf","Phoenix Contact","1792863","277-2518-ND","digikey","-","",""
"R403","240  0.1%","Resistor_SMD:R_0805_2012Metric_Pad1.15x1.40mm_HandSolder","https://industrial.panasonic.com/cdbs/www-data/pdf/RDM0000/AOA0000C307.pdf","Panasonic Electronic Components","ERA-6AEB241V","P240DACT-ND","digikey","-","",""
"Q401","SSM3K329R","Package_TO_SOT_SMD:SOT-23_Handsoldering","https://toshiba.semicon-storage.com/info/docget.jsp?did=2157&prodName=SSM3K329R","Toshiba Semiconductor and Storage","SSM3K329R,LF","SSM3K329RLFCT-ND","digikey","-","",""
"U401","MIC7211YM5-TR","Package_TO_SOT_SMD:SOT-23-5_HandSoldering","https://ww1.microchip.com/downloads/en/DeviceDoc/MIC7211-MIC7221-Rail-to-Rail-Input-Comparator-DS20006325A.pdf","Microchip Technology","MIC7211YM5-TR","576-1318-1-ND","digi-key","-","",""
"C402","0.1uF X7R 25V 10%","Capacitor_SMD:C_0805_2012Metric_Pad1.15x1.40mm_HandSolder","https://media.digikey.com/pdf/Data%20Sheets/Samsung%20PDFs/CL21B104KACNNNC_Spec.pdf","Samsung","CL21B104KACNNNC","1276-1099-1-ND","digikey","-","",""
"R408","1K 1%","Resistor_SMD:R_0805_2012Metric_Pad1.15x1.40mm_HandSolder","https://www.yageo.com/upload/media/product/productsearch/datasheet/rchip/PYu-RC_Group_51_RoHS_L_11.pdf","Yageo","RC0805FR-071KL","311-1.00KCRCT-ND","digikey","-","",""
"R406","1K 1%","Resistor_SMD:R_0805_2012Metric_Pad1.15x1.40mm_HandSolder","https://www.yageo.com/upload/media/product/productsearch/datasheet/rchip/PYu-RC_Group_51_RoHS_L_11.pdf","Yageo","RC0805FR-071KL","311-1.00KCRCT-ND","digikey","-","",""
"R407","1.27K 1%","Resistor_SMD:R_0805_2012Metric_Pad1.15x1.40mm_HandSolder","https://www.yageo.com/upload/media/product/productsearch/datasheet/rchip/PYu-RC_Group_51_RoHS_L_11.pdf","Yageo","RC0805FR-071K27L","311-1.27KCRCT-ND","digikey","-","",""
"R413","1K 1%","Resistor_SMD:R_0805_2012Metric_Pad1.15x1.40mm_HandSolder","https://www.yageo.com/upload/media/product/productsearch/datasheet/rchip/PYu-RC_Group_51_RoHS_L_11.pdf","Yageo","RC0805FR-071KL","311-1.00KCRCT-ND","digikey","-","",""
"R412","1.15K 1%","Resistor_SMD:R_0805_2012Metric_Pad1.15x1.40mm_HandSolder","https://www.yageo.com/upload/media/product/productsearch/datasheet/rchip/PYu-RC_Group_51_RoHS_L_11.pdf","Yageo","RC0805FR-071K15L","311-1.00KCRCT-ND","digikey","-","",""
"D403","BAT54S","Package_TO_SOT_SMD:SOT-23_Handsoldering","http://toshiba.semicon-storage.com/info/docget.jsp?did=37137&prodName=TBAT54","Toshiba Semiconductor and Storage","TBAT54S,LM","TBAT54SLMCT-ND","digikey","-","",""
"C403","0.1uF X7R 25V 10%","Capacitor_SMD:C_0805_2012Metric_Pad1.15x1.40mm_HandSolder","https://media.digikey.com/pdf/Data%20Sheets/Samsung%20PDFs/CL21B104KACNNNC_Spec.pdf","Samsung","CL21B104KACNNNC","1276-1099-1-ND","digikey","-","",""
"U402","LMC7101BYM5-TR","Package_TO_SOT_SMD:SOT-23-5_HandSoldering","https://ww1.microchip.com/downloads/en/DeviceDoc/LMC7101-Low-Power-Operational-Amplifier-DS20006282A.pdf","Microchip Technology","LMC7101BYM5-TR","576-2575-1-ND","digi-key","-","",""
"R409","1K 1%","Resistor_SMD:R_0805_2012Metric_Pad1.15x1.40mm_HandSolder","https://www.yageo.com/upload/media/product/productsearch/datasheet/rchip/PYu-RC_Group_51_RoHS_L_11.pdf","Yageo","RC0805FR-071KL","311-1.00KCRCT-ND","digikey","-","",""
"R410","1M 1%","Resistor_SMD:R_0805_2012Metric_Pad1.15x1.40mm_HandSolder","https://www.yageo.com/upload/media/product/productsearch/datasheet/rchip/PYu-RC_Group_51_RoHS_L_11.pdf","Yageo","RC0805FR-071ML","311-1.00MCRCT-ND","digikey","-","",""
"Q402","SSM3K329R","Package_TO_SOT_SMD:SOT-23_Handsoldering","https://toshiba.semicon-storage.com/info/docget.jsp?did=2157&prodName=SSM3K329R","Toshiba Semiconductor and Storage","SSM3K329R,LF","SSM3K329RLFCT-ND","digikey","-","",""
"TP403","TP 1.395V","TestPoint:TestPoint_Pad_3.0x3.0mm","~","-","-","-","-","-","",""
"TP401","TP 1.25V","TestPoint:TestPoint_Pad_3.0x3.0mm","~","-","-","-","-","-","",""
"TP402","TP_Peak_Current","TestPoint:TestPoint_Pad_3.0x3.0mm","~","-","-","-","-","-","",""
"D501","VS-20ETS12-M3 1200V 1V fwd@10A","Diodes_ThroughHole_jl:Diode_TO_220AC_Horizonal","http://www.vishay.com/docs/96244/vs-20etsm3_vs-20atsm3.pdf","Vishay Semiconductor Diodes Division","VS-20ETS12-M3","VS-20ETS12-M3-ND","digikey","-","",""
"D503","VS-20ETS12-M3 1200V 1V fwd@10A","Diodes_ThroughHole_jl:Diode_TO_220AC_Horizonal","http://www.vishay.com/docs/96244/vs-20etsm3_vs-20atsm3.pdf","Vishay Semiconductor Diodes Division","VS-20ETS12-M3","VS-20ETS12-M3-ND","digikey","-","",""
"D502","VS-20ETS12-M3 1200V 1V fwd@10A","Diodes_ThroughHole_jl:Diode_TO_220AC_Horizonal","http://www.vishay.com/docs/96244/vs-20etsm3_vs-20atsm3.pdf","Vishay Semiconductor Diodes Division","VS-20ETS12-M3","VS-20ETS12-M3-ND","digikey","-","",""
"R501","100K 1%","Resistor_SMD:R_0805_2012Metric_Pad1.15x1.40mm_HandSolder","https://www.yageo.com/upload/media/product/productsearch/datasheet/rchip/PYu-RC_Group_51_RoHS_L_11.pdf","Yageo","RC0805FR-07100KL","311-100KCRCT-ND","digikey","-","",""
"R502","100K 1%","Resistor_SMD:R_0805_2012Metric_Pad1.15x1.40mm_HandSolder","https://www.yageo.com/upload/media/product/productsearch/datasheet/rchip/PYu-RC_Group_51_RoHS_L_11.pdf","Yageo","RC0805FR-07100KL","311-100KCRCT-ND","digikey","-","",""
"R503","100K 1%","Resistor_SMD:R_0805_2012Metric_Pad1.15x1.40mm_HandSolder","https://www.yageo.com/upload/media/product/productsearch/datasheet/rchip/PYu-RC_Group_51_RoHS_L_11.pdf","Yageo","RC0805FR-07100KL","311-100KCRCT-ND","digikey","-","",""
"R504","100K 1%","Resistor_SMD:R_0805_2012Metric_Pad1.15x1.40mm_HandSolder","https://www.yageo.com/upload/media/product/productsearch/datasheet/rchip/PYu-RC_Group_51_RoHS_L_11.pdf","Yageo","RC0805FR-07100KL","311-100KCRCT-ND","digikey","-","",""
"R505","100K 1%","Resistor_SMD:R_0805_2012Metric_Pad1.15x1.40mm_HandSolder","https://www.yageo.com/upload/media/product/productsearch/datasheet/rchip/PYu-RC_Group_51_RoHS_L_11.pdf","Yageo","RC0805FR-07100KL","311-100KCRCT-ND","digikey","-","",""
"R506","1K 1%","Resistor_SMD:R_0805_2012Metric_Pad1.15x1.40mm_HandSolder","https://www.yageo.com/upload/media/product/productsearch/datasheet/rchip/PYu-RC_Group_51_RoHS_L_11.pdf","Yageo","RC0805FR-071KL","311-1.00KCRCT-ND","digikey","-","",""
"D504","BAT54S","Package_TO_SOT_SMD:SOT-23_Handsoldering","http://toshiba.semicon-storage.com/info/docget.jsp?did=37137&prodName=TBAT54","Toshiba Semiconductor and Storage","TBAT54S,LM","TBAT54SLMCT-ND","digikey","-","",""
"TP501","TP_Solar_Voltage","TestPoint:TestPoint_Pad_3.0x3.0mm","~","-","-","-","-","-","",""
